ph,ph_s,wt,wt_s,ec,ec_s,status,id
8.82,1,45,1,1.219,0,110,1
8.295,1,29,1,4.76,1,111,2
4.392,2,72,1,1.51,0,210,3
2.261,2,40,1,3.43,1,211,4
4.853,2,47,1,3.544,1,211,5
11.304,1,85,1,2.412,1,111,6
8.803,1,24,0,2.771,1,101,7
10.66,1,23,0,1.635,0,100,8
7.496,1,36,1,0.24,2,112,9
6.377,0,22,0,1.555,0,0,10
13.884,1,92,1,4.387,1,111,11
6.833,0,79,1,4.609,1,11,12
9.007,1,33,1,4.843,1,111,13
11.534,1,40,1,1.039,2,112,14
1.042,2,2,2,2.61,1,221,15
13.18,1,15,2,0.163,2,122,16
6.236,0,26,0,1.543,0,0,17
5.512,2,86,1,4.751,1,211,18
6.699,0,22,0,1.318,0,0,19
2.42,2,88,1,0.657,2,212,20
4.269,2,34,1,3.382,1,211,21
10.278,1,42,1,2.936,1,111,22
11.994,1,19,0,3,1,101,23
10.232,1,67,1,0.184,2,112,24
0.074,2,77,1,1.296,0,210,25
11.89,1,86,1,4.405,1,111,26
8.741,1,45,1,4.848,1,111,27
1.458,2,30,1,1.675,0,210,28
4.744,2,86,1,4.041,1,211,29
10.403,1,52,1,1.944,1,111,30
13.963,1,77,1,1.139,2,112,31
0.976,2,32,1,3.639,1,211,32
13.976,1,86,1,3.082,1,111,33
5.906,2,59,1,3.633,1,211,34
6.248,0,10,2,2.153,1,21,35
12.44,1,75,1,3.507,1,111,36
7.544,1,78,1,4.067,1,111,37
6.339,0,73,1,2.112,1,11,38
7.629,1,70,1,2.808,1,111,39
5.185,2,51,1,4.592,1,211,40
8.655,1,95,1,4.787,1,111,41
1.348,2,10,2,3.505,1,221,42
10.953,1,0,2,1.359,0,120,43
11.595,1,76,1,4.67,1,111,44
0.074,2,99,1,3.582,1,211,45
8.722,1,69,1,4.064,1,111,46
2.454,2,26,0,1.363,0,200,47
1.289,2,92,1,4.906,1,211,48
3.954,2,8,2,4.414,1,221,49
5.527,2,17,2,3.891,1,221,50
11.321,1,2,2,0.832,2,122,51
9.336,1,51,1,2.549,1,111,52
5.966,2,10,2,0.308,2,222,53
1.974,2,89,1,4.196,1,211,54
7.174,1,92,1,2.724,1,111,55
9.478,1,38,1,4.672,1,111,56
12.352,1,32,1,1.499,0,110,57
6.142,0,13,2,4.559,1,21,58
12.019,1,67,1,1.859,1,111,59
11.187,1,35,1,2.934,1,111,60
9.727,1,20,0,0.363,2,102,61
5.183,2,24,0,4.94,1,201,62
13.77,1,87,1,4.173,1,111,63
4.706,2,53,1,3.635,1,211,64
11.9,1,4,2,1.809,1,121,65
7.922,1,44,1,4.074,1,111,66
1.858,2,13,2,0.624,2,222,67
12.096,1,43,1,1.391,0,110,68
9.609,1,65,1,2.029,1,111,69
9.073,1,40,1,1.964,1,111,70
8.51,1,84,1,0.243,2,112,71
2.842,2,29,1,2.88,1,211,72
11.417,1,99,1,0.113,2,112,73
4.623,2,55,1,1.292,0,210,74
3.444,2,79,1,2.279,1,211,75
6.423,0,26,0,1.621,0,0,76
9.628,1,53,1,3.794,1,111,77
6.47,0,79,1,4.784,1,11,78
9.794,1,2,2,4.531,1,121,79
10.865,1,59,1,2.273,1,111,80
0.447,2,27,1,3.608,1,211,81
3.271,2,29,1,1.954,1,211,82
7.122,1,36,1,2.241,1,111,83
2.703,2,31,1,1.417,0,210,84
4.304,2,95,1,3.338,1,211,85
8.957,1,49,1,4.609,1,111,86
11.962,1,1,2,0.821,2,122,87
0.08,2,69,1,1.087,2,212,88
5.496,2,7,2,0.996,2,222,89
12.508,1,25,0,4.253,1,101,90
12.653,1,100,1,4.917,1,111,91
12.178,1,100,1,0.366,2,112,92
6.365,0,0,2,4.516,1,21,93
13.866,1,6,2,3.221,1,121,94
11.811,1,61,1,3.05,1,111,95
12.559,1,2,2,2.67,1,121,96
9.329,1,8,2,0.736,2,122,97
3.757,2,90,1,1.76,0,210,98
5.24,2,61,1,1.601,0,210,99
3.143,2,25,0,3.3,1,201,100
0.918,2,39,1,0.064,2,212,101
8.406,1,16,2,4.23,1,121,102
4.455,2,71,1,4.572,1,211,103
4.428,2,82,1,4.305,1,211,104
3.146,2,96,1,3.936,1,211,105
7.636,1,55,1,3.648,1,111,106
2.167,2,36,1,2.473,1,211,107
1.856,2,35,1,3.897,1,211,108
12.342,1,12,2,0.122,2,122,109
2.436,2,31,1,4.064,1,211,110
3.375,2,69,1,1.84,1,211,111
0.074,2,6,2,4.839,1,221,112
7.729,1,10,2,4.907,1,121,113
10.33,1,20,0,0.397,2,102,114
1.398,2,36,1,4.895,1,211,115
1.987,2,78,1,1.699,0,210,116
10.037,1,34,1,4.938,1,111,117
10.351,1,67,1,3.66,1,111,118
12.907,1,26,0,2.109,1,101,119
6.426,0,4,2,0.609,2,22,120
9.793,1,87,1,4.197,1,111,121
0.799,2,45,1,0.443,2,212,122
6.285,0,3,2,1.736,0,20,123
8.152,1,2,2,2.624,1,121,124
1.251,2,80,1,1.213,0,210,125
9.849,1,13,2,1.133,2,122,126
3.509,2,59,1,4.099,1,211,127
5.507,2,35,1,2.126,1,211,128
5.704,2,4,2,2.021,1,221,129
1.197,2,80,1,4.072,1,211,130
7.113,1,34,1,3.88,1,111,131
6.526,0,65,1,1.781,0,10,132
2.367,2,56,1,2.957,1,211,133
11.834,1,52,1,4.244,1,111,134
7.416,1,0,2,3.153,1,121,135
5.121,2,58,1,0.006,2,212,136
10.917,1,75,1,3.695,1,111,137
8.978,1,73,1,3.908,1,111,138
6.806,0,15,2,0.422,2,22,139
8.801,1,86,1,1.707,0,110,140
0.636,2,4,2,0.178,2,222,141
0.758,2,65,1,1.534,0,210,142
10.632,1,71,1,1.27,0,110,143
13.15,1,12,2,4.542,1,121,144
0.712,2,86,1,0.819,2,212,145
10.594,1,71,1,3.105,1,111,146
13.408,1,75,1,3.326,1,111,147
6.458,0,18,2,0.348,2,22,148
11.178,1,40,1,3.285,1,111,149
11.4,1,32,1,2.919,1,111,150
7.6,1,14,2,4.98,1,121,151
3.341,2,70,1,3.835,1,211,152
6.926,0,18,2,0.302,2,22,153
7.974,1,31,1,0.058,2,112,154
2.839,2,55,1,1.423,0,210,155
9.526,1,57,1,0.393,2,112,156
8.302,1,41,1,3.849,1,111,157
12.111,1,67,1,0.64,2,112,158
6.146,0,24,0,1.728,0,0,159
8.781,1,15,2,0.934,2,122,160
1.672,2,46,1,1.141,2,212,161
9.516,1,2,2,3.917,1,121,162
3.138,2,28,1,2.302,1,211,163
4.642,2,71,1,0.675,2,212,164
13.954,1,79,1,0.286,2,112,165
6.913,0,6,2,2.496,1,21,166
5.584,2,93,1,0.911,2,212,167
6.022,0,19,0,1.484,0,0,168
7.301,1,87,1,0.096,2,112,169
11.652,1,1,2,3.373,1,121,170
0.273,2,23,0,0.888,2,202,171
1.118,2,18,0,1.354,0,200,172
9.828,1,54,1,4.574,1,111,173
12.24,1,64,1,1.792,0,110,174
1.79,2,68,1,1.735,0,210,175
12.956,1,45,1,0.551,2,112,176
9.04,1,11,2,2.034,1,121,177
6.447,0,1,2,2.591,1,21,178
5.249,2,100,1,3.068,1,211,179
9.391,1,63,1,4.274,1,111,180
6.045,0,64,1,0.719,2,12,181
11.976,1,7,2,2.02,1,121,182
12.278,1,60,1,3.201,1,111,183
13.552,1,21,0,1.955,1,101,184
0.581,2,45,1,2.808,1,211,185
9.003,1,14,2,0.722,2,122,186
8.726,1,18,0,0.616,2,102,187
9.596,1,55,1,4.994,1,111,188
0.314,2,5,2,4.34,1,221,189
12.537,1,31,1,4.324,1,111,190
13.774,1,62,1,0.643,2,112,191
7.035,1,12,2,0.501,2,122,192
1.036,2,24,0,1.171,2,202,193
11.253,1,31,1,3.57,1,111,194
3.506,2,14,2,1.255,0,220,195
2.405,2,96,1,3.098,1,211,196
6.542,0,57,1,3.922,1,11,197
13.6,1,13,2,0.588,2,122,198
11.25,1,61,1,3.222,1,111,199
0.266,2,43,1,1.439,0,210,200
1.788,2,4,2,3.615,1,221,201
11.597,1,35,1,0.682,2,112,202
7.898,1,6,2,3.116,1,121,203
4.123,2,62,1,3.212,1,211,204
13.132,1,76,1,4.046,1,111,205
11.442,1,2,2,2.534,1,121,206
0.867,2,48,1,3.855,1,211,207
10.668,1,33,1,1.845,1,111,208
7.484,1,11,2,4.57,1,121,209
5.318,2,95,1,0.63,2,212,210
6.284,0,37,1,3.284,1,11,211
11.211,1,61,1,3.186,1,111,212
11.496,1,16,2,0.432,2,122,213
5.589,2,11,2,1.591,0,220,214
7.207,1,22,0,2.25,1,101,215
5.242,2,80,1,0.028,2,212,216
1.231,2,81,1,3.796,1,211,217
13.918,1,93,1,4.862,1,111,218
11.346,1,58,1,0.339,2,112,219
3.59,2,70,1,3.098,1,211,220
9.489,1,96,1,3.817,1,111,221
2.313,2,77,1,0.432,2,212,222
1.613,2,28,1,4.163,1,211,223
2.023,2,55,1,1.672,0,210,224
0.388,2,64,1,3.41,1,211,225
10.131,1,80,1,0.393,2,112,226
9.287,1,86,1,4.83,1,111,227
11.207,1,22,0,3.386,1,101,228
0.25,2,8,2,3.878,1,221,229
11.453,1,61,1,3.328,1,111,230
13.812,1,90,1,2.453,1,111,231
8.374,1,94,1,1.693,0,110,232
6.328,0,23,0,1.471,0,0,233
2.356,2,51,1,4.864,1,211,234
2.129,2,73,1,2.628,1,211,235
12.104,1,37,1,2.747,1,111,236
7.522,1,98,1,2.143,1,111,237
1.331,2,20,0,2.127,1,201,238
10.041,1,0,2,4.665,1,121,239
0.738,2,24,0,4.634,1,201,240
9.205,1,84,1,4.631,1,111,241
8.874,1,9,2,2.884,1,121,242
13.873,1,90,1,1.796,0,110,243
4.448,2,54,1,4.163,1,211,244
6.216,0,15,2,4.735,1,21,245
10.159,1,30,1,4.806,1,111,246
1.923,2,2,2,3.606,1,221,247
5.067,2,47,1,4.613,1,211,248
5.039,2,71,1,4.437,1,211,249
5.641,2,98,1,0.841,2,212,250
5.206,2,14,2,4.795,1,221,251
11.371,1,56,1,2.337,1,111,252
11.608,1,52,1,4.028,1,111,253
8.836,1,16,2,3.651,1,121,254
5.363,2,54,1,0.835,2,212,255
0.859,2,56,1,0.217,2,212,256
12.817,1,60,1,0.907,2,112,257
9.004,1,42,1,4.9,1,111,258
2.961,2,32,1,3.607,1,211,259
6.33,0,0,2,1.074,2,22,260
7.849,1,93,1,1.317,0,110,261
12.216,1,15,2,2.09,1,121,262
4.988,2,6,2,0.822,2,222,263
6.761,0,47,1,3.819,1,11,264
11.201,1,100,1,3.926,1,111,265
6.445,0,50,1,2.386,1,11,266
12.907,1,74,1,4.346,1,111,267
1.719,2,38,1,0.927,2,212,268
9.299,1,37,1,1.53,0,110,269
13.781,1,6,2,3.867,1,121,270
9.34,1,10,2,3.723,1,121,271
6,0,43,1,1.982,1,11,272
4.184,2,73,1,1.454,0,210,273
2.476,2,78,1,0.612,2,212,274
6.608,0,11,2,0.491,2,22,275
4.962,2,15,2,1.846,1,221,276
6.343,0,72,1,3.439,1,11,277
5.327,2,26,0,1.478,0,200,278
1.498,2,46,1,1.243,0,210,279
13.215,1,85,1,1.992,1,111,280
10.374,1,83,1,1.319,0,110,281
12.42,1,65,1,4.067,1,111,282
2.545,2,61,1,0.558,2,212,283
12.631,1,87,1,0.707,2,112,284
11.557,1,42,1,0.686,2,112,285
1.308,2,99,1,2.903,1,211,286
8.791,1,53,1,3.575,1,111,287
4.998,2,12,2,1.937,1,221,288
3.352,2,19,0,3.375,1,201,289
5.915,2,30,1,4.447,1,211,290
2.787,2,54,1,2.037,1,211,291
11.706,1,83,1,3.766,1,111,292
9.49,1,25,0,0.25,2,102,293
5.908,2,68,1,3.864,1,211,294
12.103,1,41,1,3.927,1,111,295
10.868,1,12,2,2.273,1,121,296
6.283,0,7,2,3.451,1,21,297
9.67,1,25,0,0.675,2,102,298
6.628,0,14,2,1.004,2,22,299
4.188,2,77,1,1.584,0,210,300
6.903,0,4,2,0.889,2,22,301
0.933,2,0,2,3.882,1,221,302
10.922,1,20,0,0.37,2,102,303
8.934,1,43,1,0.127,2,112,304
2.477,2,62,1,2.889,1,211,305
2.508,2,60,1,3.144,1,211,306
5.516,2,34,1,0.633,2,212,307
6.077,0,23,0,1.725,0,0,308
10.275,1,23,0,0.686,2,102,309
10.973,1,53,1,3.753,1,111,310
5.209,2,90,1,0.576,2,212,311
12.619,1,11,2,0.071,2,122,312
0.488,2,91,1,4.991,1,211,313
4.87,2,42,1,3.636,1,211,314
4.171,2,4,2,4.193,1,221,315
8.383,1,16,2,4.413,1,121,316
4.989,2,76,1,1.564,0,210,317
5.941,2,55,1,1.835,1,211,318
6.096,0,9,2,0.34,2,22,319
5.369,2,60,1,4.178,1,211,320
8.992,1,49,1,0.191,2,112,321
1.869,2,1,2,1.712,0,220,322
9.597,1,43,1,2.438,1,111,323
0.625,2,6,2,4.753,1,221,324
7.149,1,5,2,1.354,0,120,325
10.959,1,78,1,3.533,1,111,326
9.038,1,48,1,3.235,1,111,327
1.95,2,32,1,0.942,2,212,328
11.88,1,52,1,0.729,2,112,329
9.663,1,7,2,0.837,2,122,330
5.301,2,47,1,4.961,1,211,331
0.275,2,67,1,1.742,0,210,332
9.983,1,79,1,4.297,1,111,333
9.783,1,91,1,3.133,1,111,334
8.162,1,49,1,0.778,2,112,335
6.388,0,19,0,1.731,0,0,336
10.18,1,36,1,0.126,2,112,337
9.278,1,100,1,4.498,1,111,338
5.302,2,73,1,0.108,2,212,339
1.246,2,48,1,3.497,1,211,340
1.237,2,0,2,2.367,1,221,341
13.109,1,57,1,1.331,0,110,342
8.313,1,40,1,1.404,0,110,343
3.549,2,76,1,1.659,0,210,344
2.671,2,91,1,3.125,1,211,345
1.236,2,54,1,2.811,1,211,346
2.815,2,86,1,0.782,2,212,347
4.976,2,64,1,3.374,1,211,348
5.708,2,56,1,1.902,1,211,349
12.084,1,100,1,4.808,1,111,350
13.409,1,74,1,4.454,1,111,351
2.954,2,9,2,2.962,1,221,352
10.129,1,67,1,1.958,1,111,353
7.015,1,43,1,0.15,2,112,354
0.874,2,5,2,2.349,1,221,355
1.185,2,94,1,0.211,2,212,356
4.282,2,63,1,0.148,2,212,357
6.389,0,93,1,4.208,1,11,358
4.673,2,43,1,2.192,1,211,359
2.685,2,63,1,1.636,0,210,360
1.174,2,22,0,0.138,2,202,361
6.343,0,42,1,3.329,1,11,362
13.387,1,36,1,3.408,1,111,363
12.567,1,21,0,2.26,1,101,364
6.54,0,11,2,0.571,2,22,365
1.243,2,49,1,1.27,0,210,366
9.031,1,89,1,2.466,1,111,367
4.51,2,95,1,0.328,2,212,368
11.401,1,1,2,2.004,1,121,369
5.193,2,27,1,2.33,1,211,370
2.36,2,39,1,3.668,1,211,371
7.067,1,66,1,0.19,2,112,372
11.29,1,94,1,0.219,2,112,373
12.557,1,13,2,1.385,0,120,374
8.897,1,19,0,2.886,1,101,375
4.137,2,2,2,3.669,1,221,376
0.763,2,43,1,3.12,1,211,377
5.41,2,59,1,1.527,0,210,378
2.785,2,61,1,3.673,1,211,379
10.034,1,7,2,0.4,2,122,380
7.692,1,72,1,1.174,2,112,381
4.626,2,78,1,0.359,2,212,382
7.469,1,4,2,2.61,1,121,383
9.922,1,55,1,2.176,1,111,384
13.129,1,78,1,4.484,1,111,385
5.986,2,23,0,1.914,1,201,386
1.745,2,47,1,3.165,1,211,387
6.079,0,26,0,1.756,0,0,388
10.067,1,60,1,3.699,1,111,389
2.68,2,57,1,1.731,0,210,390
10.029,1,44,1,0.394,2,112,391
2.282,2,69,1,2.151,1,211,392
10.503,1,78,1,1.181,2,112,393
10.39,1,79,1,1.603,0,110,394
10.524,1,93,1,4.71,1,111,395
0.604,2,68,1,2.036,1,211,396
2.734,2,61,1,1.612,0,210,397
7.536,1,73,1,4.944,1,111,398
13.497,1,63,1,2.326,1,111,399
4.509,2,85,1,1.116,2,212,400
13.769,1,29,1,0.707,2,112,401
8.552,1,62,1,1.552,0,110,402
3.21,2,71,1,1.517,0,210,403
8.757,1,53,1,3.347,1,111,404
6.236,0,23,0,2.157,1,1,405
2.09,2,0,2,4.304,1,221,406
0.161,2,34,1,0.375,2,212,407
6.543,0,20,0,1.225,0,0,408
7.832,1,53,1,0.805,2,112,409
9.952,1,56,1,2.729,1,111,410
9.657,1,76,1,2.519,1,111,411
12.253,1,90,1,0.584,2,112,412
0.132,2,1,2,2.112,1,221,413
8.586,1,38,1,1.265,0,110,414
9.48,1,30,1,1.568,0,110,415
4.191,2,6,2,0.835,2,222,416
12.804,1,56,1,0.071,2,112,417
0.093,2,51,1,2.074,1,211,418
1.175,2,80,1,1.614,0,210,419
9.176,1,95,1,3.8,1,111,420
8.31,1,36,1,4.951,1,111,421
6.179,0,2,2,0.952,2,22,422
10.166,1,41,1,3.032,1,111,423
5.488,2,27,1,1.693,0,210,424
5.338,2,100,1,3.746,1,211,425
0.206,2,12,2,1.509,0,220,426
11.348,1,34,1,2.347,1,111,427
9.776,1,33,1,3.148,1,111,428
2.499,2,9,2,2.246,1,221,429
9.297,1,30,1,0.9,2,112,430
4.152,2,70,1,1.391,0,210,431
4.275,2,25,0,3.52,1,201,432
6.822,0,18,0,1.526,0,0,433
6.175,0,91,1,0.091,2,12,434
6.196,0,19,0,1.25,0,0,435
13.623,1,58,1,1.69,0,110,436
7.761,1,9,2,4.899,1,121,437
10.659,1,14,2,1.799,0,120,438
9.97,1,61,1,3.002,1,111,439
3.363,2,84,1,3.172,1,211,440
8.156,1,10,2,4.042,1,121,441
6.171,0,25,0,0.329,2,2,442
4.464,2,71,1,3.968,1,211,443
11.224,1,90,1,4.47,1,111,444
10.072,1,20,0,4.361,1,101,445
11.521,1,19,0,3.293,1,101,446
13.709,1,81,1,1.882,1,111,447
6.324,0,19,0,1.262,0,0,448
0.441,2,57,1,2.878,1,211,449
11.083,1,13,2,1.7,0,120,450
6.189,0,34,1,4.625,1,11,451
8.173,1,46,1,4.137,1,111,452
7.145,1,86,1,4.285,1,111,453
3.603,2,6,2,4.241,1,221,454
0.639,2,92,1,1.122,2,212,455
0.032,2,84,1,0.368,2,212,456
8.683,1,94,1,4.344,1,111,457
6.961,0,8,2,3.254,1,21,458
13.504,1,0,2,1.037,2,122,459
6.182,0,73,1,0.459,2,12,460
7.525,1,96,1,4.539,1,111,461
1.388,2,11,2,3.245,1,221,462
5.194,2,72,1,3.401,1,211,463
13.285,1,14,2,4.994,1,121,464
8.768,1,72,1,3.732,1,111,465
10.927,1,46,1,4.097,1,111,466
11.804,1,81,1,4.515,1,111,467
6.642,0,19,0,1.406,0,0,468
1.783,2,34,1,2.582,1,211,469
8.779,1,95,1,2.189,1,111,470
1.6,2,45,1,4.253,1,211,471
11.167,1,25,0,2.309,1,101,472
9.289,1,8,2,4.239,1,121,473
10.216,1,41,1,0.052,2,112,474
4.799,2,48,1,2.763,1,211,475
0.905,2,67,1,2.011,1,211,476
2.321,2,68,1,3.214,1,211,477
0.766,2,68,1,3.034,1,211,478
2.835,2,75,1,1.682,0,210,479
8.911,1,7,2,3.023,1,121,480
4.039,2,15,2,3.95,1,221,481
4.318,2,83,1,1.73,0,210,482
1.846,2,5,2,2.724,1,221,483
3.078,2,61,1,2.106,1,211,484
6.264,0,8,2,0.769,2,22,485
3.14,2,11,2,4.099,1,221,486
13.892,1,31,1,1.786,0,110,487
1.195,2,73,1,4.153,1,211,488
7.686,1,31,1,1.779,0,110,489
11.623,1,97,1,0.674,2,112,490
6.262,0,73,1,0.48,2,12,491
8.483,1,86,1,3.272,1,111,492
12.83,1,29,1,2.707,1,111,493
5.467,2,5,2,3.849,1,221,494
3.231,2,65,1,3.98,1,211,495
9.535,1,13,2,0.712,2,122,496
9.716,1,54,1,4.814,1,111,497
6.243,0,38,1,0.597,2,12,498
12.741,1,58,1,2.392,1,111,499
6.895,0,42,1,3.937,1,11,500
13.717,1,65,1,0.426,2,112,501
12.791,1,43,1,0.193,2,112,502
10.501,1,69,1,3.762,1,111,503
1.859,2,36,1,0.372,2,212,504
2.876,2,91,1,2.752,1,211,505
7.817,1,20,0,4.777,1,101,506
10.259,1,76,1,3.378,1,111,507
9.737,1,23,0,2.63,1,101,508
8.093,1,32,1,1.477,0,110,509
10.729,1,42,1,1.595,0,110,510
13.365,1,19,0,0.729,2,102,511
9.999,1,35,1,2.167,1,111,512
11.652,1,84,1,1.338,0,110,513
0.058,2,91,1,4.691,1,211,514
6.368,0,39,1,0.2,2,12,515
9.965,1,77,1,3.786,1,111,516
4.222,2,74,1,4.667,1,211,517
12.204,1,64,1,0.026,2,112,518
9.567,1,78,1,3.152,1,111,519
1.794,2,100,1,4,1,211,520
9.482,1,42,1,4.786,1,111,521
1.327,2,7,2,3.881,1,221,522
12.326,1,33,1,4.242,1,111,523
3.651,2,41,1,4.918,1,211,524
9.154,1,33,1,3.435,1,111,525
6.224,0,87,1,1.708,0,10,526
5.925,2,89,1,0.52,2,212,527
8.765,1,1,2,3.244,1,121,528
2.943,2,51,1,1.962,1,211,529
9.017,1,18,0,3.7,1,101,530
0.152,2,60,1,3.063,1,211,531
11.59,1,63,1,2.954,1,111,532
2.443,2,46,1,3.707,1,211,533
10.805,1,6,2,1.758,0,120,534
0.388,2,27,1,4.114,1,211,535
10.249,1,56,1,1.516,0,110,536
6.383,0,44,1,1.116,2,12,537
7.23,1,91,1,2.044,1,111,538
8.423,1,95,1,1.517,0,110,539
2.765,2,17,2,4.417,1,221,540
10.639,1,69,1,1.859,1,111,541
0.695,2,48,1,4.934,1,211,542
9.258,1,23,0,0.468,2,102,543
10.71,1,94,1,3.236,1,111,544
10.006,1,96,1,0.106,2,112,545
2.768,2,71,1,2.44,1,211,546
12.642,1,16,2,2.599,1,121,547
13.925,1,85,1,1.753,0,110,548
6.561,0,55,1,0.785,2,12,549
2.157,2,98,1,3.618,1,211,550
13.934,1,65,1,1.186,2,112,551
4.684,2,43,1,3.568,1,211,552
12.696,1,78,1,2.092,1,111,553
6.184,0,88,1,0.541,2,12,554
8.057,1,46,1,4.138,1,111,555
4.223,2,4,2,4.23,1,221,556
0.507,2,8,2,4.444,1,221,557
9.639,1,97,1,0.407,2,112,558
2.299,2,100,1,0.975,2,212,559
0.407,2,92,1,4.625,1,211,560
13.617,1,83,1,4.055,1,111,561
12.648,1,81,1,3.782,1,111,562
4.666,2,37,1,4.932,1,211,563
8.152,1,23,0,1.778,0,100,564
1.344,2,66,1,3.623,1,211,565
6.029,0,95,1,1.353,0,10,566
12.14,1,69,1,4.337,1,111,567
2.563,2,89,1,4.341,1,211,568
6.723,0,22,0,1.382,0,0,569
6.04,0,50,1,1.761,0,10,570
3.58,2,98,1,2.607,1,211,571
4.762,2,30,1,0.322,2,212,572
6.305,0,21,0,1.248,0,0,573
10.661,1,7,2,2.798,1,121,574
10.646,1,75,1,4.154,1,111,575
12.334,1,63,1,4.028,1,111,576
3.634,2,45,1,4.766,1,211,577
2.587,2,95,1,1.809,1,211,578
6.814,0,91,1,0.869,2,12,579
6.675,0,4,2,0.435,2,22,580
6.154,0,4,2,1.014,2,22,581
5.65,2,38,1,2.242,1,211,582
4.47,2,53,1,0.018,2,212,583
8.906,1,94,1,1.976,1,111,584
6.954,0,73,1,2.179,1,11,585
5.357,2,7,2,3.667,1,221,586
5.105,2,2,2,0.466,2,222,587
3.444,2,56,1,4.915,1,211,588
3.258,2,34,1,0.704,2,212,589
5.895,2,26,0,4.139,1,201,590
10.899,1,98,1,4.7,1,111,591
4.078,2,91,1,3.557,1,211,592
3.467,2,78,1,2.95,1,211,593
13.944,1,81,1,0.767,2,112,594
13.848,1,48,1,3.602,1,111,595
6.292,0,56,1,1.731,0,10,596
10.354,1,38,1,0.074,2,112,597
3.745,2,26,0,1.199,2,202,598
6.874,0,68,1,2.486,1,11,599
0.812,2,21,0,2.418,1,201,600
6.07,0,10,2,0.858,2,22,601
6.716,0,26,0,1.786,0,0,602
4.108,2,28,1,4.552,1,211,603
0.635,2,27,1,2.182,1,211,604
8.707,1,47,1,2.603,1,111,605
11.659,1,74,1,1.686,0,110,606
12.959,1,99,1,2.352,1,111,607
0.259,2,96,1,0.24,2,212,608
12.33,1,20,0,4.102,1,101,609
11.069,1,73,1,3.774,1,111,610
1.481,2,55,1,2.083,1,211,611
6.022,0,90,1,2.723,1,11,612
13.541,1,32,1,0.793,2,112,613
2.111,2,50,1,2.865,1,211,614
3.133,2,0,2,1.286,0,220,615
12.556,1,42,1,2.343,1,111,616
8.73,1,70,1,0.642,2,112,617
9.718,1,28,1,2.174,1,111,618
4.769,2,27,1,1.551,0,210,619
11.172,1,98,1,1.385,0,110,620
10.9,1,72,1,1.473,0,110,621
1.318,2,18,0,0.567,2,202,622
3.116,2,50,1,0.306,2,212,623
6.526,0,9,2,0.664,2,22,624
0.348,2,54,1,1.299,0,210,625
1.2,2,6,2,0.61,2,222,626
1.777,2,29,1,0.566,2,212,627
5.731,2,78,1,2.93,1,211,628
6.677,0,34,1,1.768,0,10,629
1.764,2,96,1,0.202,2,212,630
5.116,2,92,1,0.3,2,212,631
0.913,2,73,1,3.172,1,211,632
4.49,2,6,2,4.779,1,221,633
11.063,1,39,1,2.91,1,111,634
7.252,1,1,2,4.809,1,121,635
5.693,2,63,1,4.544,1,211,636
10.492,1,30,1,1.551,0,110,637
8.054,1,55,1,3.244,1,111,638
2.983,2,45,1,2.508,1,211,639
5.097,2,57,1,2.616,1,211,640
11.66,1,24,0,3.902,1,101,641
13.438,1,61,1,0.035,2,112,642
4.925,2,14,2,1.236,0,220,643
4.981,2,80,1,3.817,1,211,644
0.614,2,34,1,0.079,2,212,645
2.281,2,6,2,2.461,1,221,646
13.292,1,54,1,1.705,0,110,647
8.007,1,7,2,0.743,2,122,648
12.321,1,89,1,1.913,1,111,649
5.32,2,65,1,1.646,0,210,650
7.566,1,25,0,4.383,1,101,651
6.358,0,10,2,1.011,2,22,652
13.568,1,33,1,2.42,1,111,653
7.434,1,62,1,2.807,1,111,654
0.829,2,24,0,1.415,0,200,655
4.55,2,43,1,3.051,1,211,656
7.253,1,27,1,1.899,1,111,657
7.006,1,27,1,0.882,2,112,658
11.614,1,75,1,0.003,2,112,659
11.222,1,86,1,3.633,1,111,660
10.608,1,35,1,4.867,1,111,661
4.418,2,36,1,0.181,2,212,662
11.094,1,62,1,2.985,1,111,663
3.688,2,1,2,2.763,1,221,664
10.736,1,57,1,0.26,2,112,665
10.084,1,76,1,0.409,2,112,666
9.454,1,85,1,1.528,0,110,667
4.929,2,80,1,4.865,1,211,668
2.139,2,44,1,1.496,0,210,669
0.735,2,29,1,2.794,1,211,670
6.284,0,25,0,1.314,0,0,671
1.161,2,20,0,4.925,1,201,672
11.56,1,83,1,3.566,1,111,673
0.663,2,21,0,0.986,2,202,674
10.418,1,17,2,2.187,1,121,675
8.735,1,97,1,2.946,1,111,676
8.989,1,94,1,3.745,1,111,677
6.934,0,19,0,1.596,0,0,678
11.368,1,77,1,3.373,1,111,679
3.601,2,76,1,1.36,0,210,680
10.532,1,46,1,0.78,2,112,681
6.593,0,92,1,2.105,1,11,682
2.321,2,94,1,1.896,1,211,683
11.97,1,37,1,3.098,1,111,684
2.915,2,38,1,2.091,1,211,685
7.823,1,79,1,3.665,1,111,686
9.567,1,79,1,2.372,1,111,687
13.282,1,4,2,4.832,1,121,688
10.501,1,15,2,1.239,0,120,689
11.206,1,90,1,2.28,1,111,690
3.142,2,55,1,0.468,2,212,691
6.404,0,17,2,0.635,2,22,692
0.123,2,8,2,3.196,1,221,693
5.075,2,45,1,2.098,1,211,694
9.842,1,95,1,4.364,1,111,695
9.875,1,6,2,3.926,1,121,696
7.333,1,17,2,3.342,1,121,697
4.862,2,97,1,4.548,1,211,698
5.434,2,19,0,3.816,1,201,699
4.666,2,75,1,4.921,1,211,700
8.589,1,68,1,3.722,1,111,701
7.961,1,21,0,1.079,2,102,702
3.924,2,40,1,0.697,2,212,703
2.414,2,31,1,0.889,2,212,704
0.96,2,44,1,4.729,1,211,705
13.485,1,3,2,3.778,1,121,706
5.763,2,18,0,0.669,2,202,707
3.718,2,87,1,4.34,1,211,708
6.234,0,81,1,0.271,2,12,709
12.697,1,27,1,4.582,1,111,710
4.118,2,47,1,3.221,1,211,711
6.312,0,18,2,0.123,2,22,712
2.346,2,99,1,3.721,1,211,713
11.85,1,28,1,1.79,0,110,714
0.633,2,17,2,2.698,1,221,715
1.554,2,3,2,1.07,2,222,716
0.395,2,23,0,4.404,1,201,717
3.053,2,18,0,0.038,2,202,718
2.832,2,20,0,2.819,1,201,719
8.927,1,96,1,2.209,1,111,720
1.892,2,44,1,4.553,1,211,721
6.382,0,96,1,2.224,1,11,722
8.349,1,2,2,1.254,0,120,723
10.877,1,80,1,1.582,0,110,724
1.564,2,13,2,2.166,1,221,725
5.047,2,47,1,1.468,0,210,726
0.576,2,28,1,0.171,2,212,727
13.135,1,46,1,0.856,2,112,728
10.471,1,28,1,0.745,2,112,729
4.478,2,91,1,1.47,0,210,730
6.245,0,70,1,4.836,1,11,731
4.99,2,64,1,3.826,1,211,732
6.249,0,50,1,3.613,1,11,733
8.438,1,96,1,3.199,1,111,734
13.046,1,14,2,3.494,1,121,735
10.96,1,7,2,3.575,1,121,736
8.456,1,0,2,2.214,1,121,737
4.32,2,100,1,4.857,1,211,738
6.608,0,60,1,4.67,1,11,739
0.92,2,76,1,0.58,2,212,740
6.725,0,1,2,0.928,2,22,741
10.018,1,51,1,1,2,112,742
6.339,0,24,0,1.647,0,0,743
0.445,2,21,0,3.601,1,201,744
8.189,1,52,1,1.46,0,110,745
0.513,2,92,1,2.904,1,211,746
7.585,1,78,1,0.566,2,112,747
2.588,2,5,2,0.475,2,222,748
12.167,1,69,1,0.866,2,112,749
1.075,2,78,1,3.387,1,211,750
10.547,1,77,1,3.797,1,111,751
10.146,1,77,1,3.382,1,111,752
12.998,1,38,1,3.077,1,111,753
3.192,2,66,1,2.552,1,211,754
0.574,2,89,1,2.484,1,211,755
7.853,1,27,1,4.198,1,111,756
1.206,2,21,0,2.46,1,201,757
8.507,1,39,1,0.473,2,112,758
12.648,1,57,1,4.707,1,111,759
8.341,1,84,1,0.101,2,112,760
12.843,1,27,1,3.61,1,111,761
6.85,0,9,2,0.808,2,22,762
1.073,2,40,1,4.933,1,211,763
9.2,1,1,2,0.805,2,122,764
8.712,1,30,1,1.738,0,110,765
4.006,2,49,1,1.365,0,210,766
1.81,2,44,1,1.312,0,210,767
8.791,1,7,2,2.794,1,121,768
2.454,2,71,1,2.061,1,211,769
0.794,2,96,1,1.283,0,210,770
6.044,0,85,1,4.439,1,11,771
0.507,2,22,0,2.629,1,201,772
1.718,2,55,1,2.89,1,211,773
3.667,2,18,0,2.249,1,201,774
0.583,2,21,0,0.547,2,202,775
1.166,2,8,2,4.944,1,221,776
11.581,1,32,1,4.757,1,111,777
1.009,2,1,2,0.643,2,222,778
13.465,1,28,1,0.804,2,112,779
8.95,1,29,1,4.244,1,111,780
0.886,2,57,1,0.721,2,212,781
11.077,1,8,2,3.047,1,121,782
1.586,2,53,1,4.71,1,211,783
12.899,1,73,1,1.435,0,110,784
6.154,0,26,0,1.78,0,0,785
6.212,0,0,2,0.345,2,22,786
7.747,1,76,1,3.409,1,111,787
0.655,2,20,0,0.252,2,202,788
1.408,2,1,2,2.061,1,221,789
6.418,0,24,0,4.045,1,1,790
0.636,2,23,0,2.35,1,201,791
1.778,2,86,1,3.356,1,211,792
11.787,1,84,1,3.624,1,111,793
9.211,1,63,1,3.474,1,111,794
9.711,1,85,1,2.342,1,111,795
10.935,1,96,1,4.743,1,111,796
6.821,0,35,1,3.944,1,11,797
3.786,2,5,2,1.938,1,221,798
6.857,0,94,1,2.908,1,11,799
1.413,2,43,1,0.399,2,212,800
12.436,1,19,0,1.53,0,100,801
13.754,1,74,1,1.822,1,111,802
9.247,1,85,1,3.983,1,111,803
13.046,1,64,1,0.527,2,112,804
6.682,0,56,1,0.949,2,12,805
10.473,1,32,1,3.1,1,111,806
8.31,1,56,1,1.342,0,110,807
0.33,2,96,1,1.188,2,212,808
8.498,1,94,1,0.082,2,112,809
2.406,2,77,1,4.152,1,211,810
3.768,2,89,1,0.07,2,212,811
9.905,1,74,1,3.967,1,111,812
4.56,2,25,0,1.589,0,200,813
6.024,0,64,1,2.102,1,11,814
6.213,0,65,1,0.216,2,12,815
1.272,2,91,1,3.23,1,211,816
1.499,2,38,1,1.352,0,210,817
13.998,1,91,1,3.475,1,111,818
11.339,1,40,1,4.698,1,111,819
6.804,0,100,1,3.067,1,11,820
0.413,2,54,1,4.076,1,211,821
7.149,1,9,2,1.907,1,121,822
11.057,1,34,1,0.181,2,112,823
6.678,0,73,1,3.944,1,11,824
9.686,1,48,1,2.352,1,111,825
1.847,2,57,1,0.908,2,212,826
1.646,2,99,1,2.159,1,211,827
6.474,0,14,2,0.484,2,22,828
6.541,0,19,0,1.575,0,0,829
6.463,0,19,0,1.677,0,0,830
11.641,1,17,2,3.867,1,121,831
7.901,1,71,1,3.653,1,111,832
9.73,1,5,2,2.637,1,121,833
4.217,2,36,1,2.679,1,211,834
12.121,1,61,1,3.456,1,111,835
3.877,2,55,1,4.959,1,211,836
0.253,2,95,1,0.982,2,212,837
10.988,1,14,2,4.305,1,121,838
10.395,1,40,1,0.385,2,112,839
11.732,1,81,1,3.773,1,111,840
6.391,0,37,1,4.946,1,11,841
13.709,1,64,1,0.868,2,112,842
10.677,1,74,1,1.103,2,112,843
12.603,1,58,1,0.147,2,112,844
6.19,0,23,0,1.241,0,0,845
13.87,1,3,2,0.417,2,122,846
7.133,1,4,2,4.58,1,121,847
1.755,2,42,1,0.153,2,212,848
5.45,2,49,1,0.118,2,212,849
12.704,1,66,1,0.869,2,112,850
0.279,2,62,1,3.962,1,211,851
4.44,2,28,1,3.881,1,211,852
5.761,2,39,1,1.805,1,211,853
13.72,1,39,1,3.315,1,111,854
6.304,0,54,1,1.11,2,12,855
3.175,2,41,1,1.837,1,211,856
9.875,1,36,1,1.462,0,110,857
13.164,1,8,2,3.549,1,121,858
3.04,2,65,1,0.859,2,212,859
0.951,2,46,1,2.989,1,211,860
9.113,1,81,1,3.359,1,111,861
13.798,1,75,1,2.442,1,111,862
11.441,1,53,1,4.437,1,111,863
11.716,1,50,1,4.761,1,111,864
12.867,1,94,1,4.082,1,111,865
10.83,1,82,1,3.739,1,111,866
13.426,1,46,1,1.573,0,110,867
8.326,1,0,2,0.307,2,122,868
3.048,2,47,1,1.22,0,210,869
11.857,1,91,1,0.813,2,112,870
2.358,2,59,1,2.431,1,211,871
10.901,1,67,1,3.01,1,111,872
5.641,2,48,1,2.88,1,211,873
7.284,1,7,2,4.281,1,121,874
1.638,2,44,1,0.904,2,212,875
10.316,1,40,1,2.922,1,111,876
2.669,2,88,1,3.977,1,211,877
0.541,2,96,1,0.307,2,212,878
11.175,1,90,1,0.752,2,112,879
4.276,2,13,2,2.666,1,221,880
2.516,2,55,1,0.182,2,212,881
6.326,0,57,1,0.604,2,12,882
9.058,1,44,1,1.693,0,110,883
10.673,1,29,1,2.521,1,111,884
8.956,1,64,1,1.158,2,112,885
8.512,1,63,1,4.079,1,111,886
0.062,2,45,1,4.533,1,211,887
10.873,1,50,1,0.22,2,112,888
8.496,1,82,1,2.322,1,111,889
1.249,2,90,1,4.025,1,211,890
3.896,2,44,1,2.807,1,211,891
11.218,1,85,1,0.92,2,112,892
11.929,1,47,1,4.351,1,111,893
1.091,2,76,1,2.22,1,211,894
0.695,2,41,1,3.286,1,211,895
3.709,2,2,2,1.263,0,220,896
3.941,2,1,2,1.613,0,220,897
11.314,1,31,1,4.161,1,111,898
5.617,2,59,1,3.433,1,211,899
4.043,2,11,2,4.294,1,221,900
3.17,2,60,1,0.709,2,212,901
6.444,0,17,2,2.718,1,21,902
2.727,2,45,1,4.528,1,211,903
13.691,1,10,2,0.342,2,122,904
5.603,2,93,1,2.313,1,211,905
11.244,1,35,1,3.199,1,111,906
9.797,1,33,1,3.179,1,111,907
8.502,1,30,1,4.161,1,111,908
6.36,0,74,1,1.801,1,11,909
7.602,1,4,2,3.074,1,121,910
2.203,2,68,1,2.934,1,211,911
7.412,1,36,1,2.234,1,111,912
9.312,1,96,1,4.89,1,111,913
9.703,1,13,2,0.11,2,122,914
6.572,0,23,0,1.291,0,0,915
8.105,1,80,1,0.105,2,112,916
3.486,2,35,1,3.145,1,211,917
6.784,0,23,0,1.658,0,0,918
11.986,1,80,1,0.205,2,112,919
6.793,0,5,2,0.671,2,22,920
10.771,1,9,2,3.14,1,121,921
7.291,1,53,1,2.636,1,111,922
8.263,1,83,1,0.912,2,112,923
13.053,1,97,1,3.084,1,111,924
1.163,2,46,1,1.618,0,210,925
0.381,2,35,1,3.048,1,211,926
3.91,2,33,1,4.927,1,211,927
1.287,2,69,1,1.407,0,210,928
11.847,1,21,0,2.246,1,101,929
5.598,2,62,1,1.393,0,210,930
6.44,0,22,0,1.652,0,0,931
13.506,1,11,2,1.79,0,120,932
7.384,1,58,1,1.418,0,110,933
12.494,1,43,1,3.203,1,111,934
8.138,1,63,1,3.247,1,111,935
13.258,1,98,1,0.704,2,112,936
2.216,2,86,1,2.901,1,211,937
1.202,2,70,1,0.072,2,212,938
11.489,1,11,2,3.025,1,121,939
10.468,1,79,1,2.391,1,111,940
7.542,1,99,1,4.464,1,111,941
6.149,0,5,2,0.77,2,22,942
6.737,0,24,0,1.353,0,0,943
10.824,1,59,1,0.561,2,112,944
13.684,1,93,1,4.072,1,111,945
2.57,2,67,1,3.515,1,211,946
9.566,1,72,1,0.22,2,112,947
3.511,2,43,1,2.773,1,211,948
13.933,1,74,1,0.283,2,112,949
13.6,1,31,1,0.587,2,112,950
1.364,2,47,1,3.608,1,211,951
1.702,2,89,1,2.178,1,211,952
12.237,1,88,1,4.991,1,111,953
3.244,2,74,1,2.904,1,211,954
5.176,2,53,1,1.017,2,212,955
6.884,0,7,2,3.778,1,21,956
13.6,1,56,1,0.168,2,112,957
9.576,1,99,1,2.721,1,111,958
12.331,1,9,2,2.603,1,121,959
3.935,2,32,1,0.62,2,212,960
5.066,2,14,2,1.519,0,220,961
12.338,1,100,1,4.144,1,111,962
0.875,2,15,2,0.594,2,222,963
6.704,0,27,1,1.885,1,11,964
6.323,0,0,2,1.091,2,22,965
11.692,1,89,1,0.033,2,112,966
3.623,2,67,1,2.008,1,211,967
8.06,1,75,1,1.15,2,112,968
13.65,1,21,0,0.91,2,102,969
0.752,2,4,2,1.748,0,220,970
10.001,1,88,1,1.096,2,112,971
6.424,0,64,1,1.685,0,10,972
5.008,2,88,1,1.825,1,211,973
1.394,2,12,2,2.041,1,221,974
1.064,2,76,1,4.564,1,211,975
0.827,2,72,1,0.179,2,212,976
1.351,2,60,1,1.025,2,212,977
12.29,1,69,1,3.789,1,111,978
8.421,1,41,1,2.965,1,111,979
6.492,0,2,2,4.667,1,21,980
13.666,1,4,2,1.356,0,120,981
10.772,1,70,1,2.471,1,111,982
13.253,1,45,1,4.668,1,111,983
7.067,1,80,1,0.115,2,112,984
5.984,2,91,1,3.582,1,211,985
6.556,0,39,1,0.885,2,12,986
6.06,0,9,2,0.965,2,22,987
3.987,2,66,1,4.412,1,211,988
8.457,1,56,1,2.531,1,111,989
0.674,2,52,1,1.367,0,210,990
4.216,2,48,1,4.654,1,211,991
5.521,2,3,2,4.557,1,221,992
11.903,1,92,1,3.338,1,111,993
0.571,2,30,1,3.599,1,211,994
6.537,0,8,2,0.159,2,22,995
0.693,2,27,1,3.467,1,211,996
4.083,2,71,1,3.992,1,211,997
5.862,2,80,1,1.248,0,210,998
12.14,1,88,1,2.707,1,111,999
7.694,1,82,1,1.236,0,110,1000
8.504,1,26,0,4.68,1,101,1001
10.688,1,64,1,0.867,2,112,1002
10.802,1,8,2,3.398,1,121,1003
2.735,2,53,1,2.712,1,211,1004
9.494,1,77,1,4.078,1,111,1005
2.228,2,25,0,1.846,1,201,1006
0.35,2,84,1,2.805,1,211,1007
8.915,1,96,1,0.362,2,112,1008
6.138,0,41,1,3.868,1,11,1009
0.061,2,44,1,4.529,1,211,1010
12.78,1,6,2,0.03,2,122,1011
7.579,1,47,1,1.468,0,110,1012
6.197,0,21,0,1.223,0,0,1013
7.004,1,95,1,3.814,1,111,1014
2.308,2,15,2,0.753,2,222,1015
6.737,0,14,2,0.567,2,22,1016
6.983,0,45,1,4.775,1,11,1017
11.719,1,67,1,0.592,2,112,1018
1.337,2,29,1,1.87,1,211,1019
4.202,2,67,1,1.136,2,212,1020
10.406,1,16,2,0.888,2,122,1021
0.841,2,90,1,0.764,2,212,1022
4.74,2,81,1,2.011,1,211,1023
2.675,2,70,1,3.754,1,211,1024
9.41,1,30,1,4.554,1,111,1025
10.514,1,11,2,4.97,1,121,1026
11.813,1,99,1,0.05,2,112,1027
5.178,2,100,1,4.592,1,211,1028
8.135,1,48,1,2.412,1,111,1029
2.858,2,21,0,3.664,1,201,1030
5.345,2,62,1,0.845,2,212,1031
2.828,2,59,1,1.168,2,212,1032
4.662,2,28,1,2.221,1,211,1033
3.704,2,7,2,2.448,1,221,1034
2.894,2,12,2,2.536,1,221,1035
7.193,1,38,1,1.479,0,110,1036
10.143,1,11,2,4.419,1,121,1037
3.607,2,90,1,2.765,1,211,1038
3.968,2,77,1,2.422,1,211,1039
4.89,2,22,0,0.558,2,202,1040
1.76,2,35,1,0.623,2,212,1041
5.78,2,44,1,4.827,1,211,1042
10.704,1,94,1,3.258,1,111,1043
3.509,2,29,1,4.974,1,211,1044
6.213,0,21,0,1.436,0,0,1045
2.541,2,76,1,0.461,2,212,1046
6.549,0,10,2,0.343,2,22,1047
8.133,1,89,1,2.432,1,111,1048
2.093,2,19,0,2.229,1,201,1049
8.538,1,76,1,0.7,2,112,1050
1.08,2,30,1,2.74,1,211,1051
12.357,1,24,0,1.004,2,102,1052
11.171,1,74,1,0.136,2,112,1053
2.207,2,58,1,4.856,1,211,1054
1.581,2,32,1,2.195,1,211,1055
4.797,2,19,0,4.549,1,201,1056
1.484,2,92,1,4.776,1,211,1057
9.641,1,38,1,3.53,1,111,1058
8.285,1,70,1,3.287,1,111,1059
12.592,1,68,1,2.432,1,111,1060
